{
  "k_value": 10,
  "silhouette_score": 0.2610813574999418,
  "cluster_counts": {
    "5": 6,
    "10": 5,
    "3": 3,
    "8": 3,
    "1": 3,
    "6": 3,
    "7": 2,
    "9": 2,
    "2": 2,
    "4": 1
  },
  "centroids": {
    "1": {
      "工作质量": 72.66666666666667,
      "工作效率": 93.33333333333333,
      "团队合作": 86.0,
      "创新能力": 75.33333333333333,
      "工作态度": 96.0,
      "绩效总分": 423.3333333333333
    },
    "2": {
      "工作质量": 72.5,
      "工作效率": 67.0,
      "团队合作": 87.0,
      "创新能力": 68.0,
      "工作态度": 85.5,
      "绩效总分": 380.0
    },
    "3": {
      "工作质量": 65.66666666666667,
      "工作效率": 88.66666666666667,
      "团队合作": 84.33333333333333,
      "创新能力": 74.33333333333333,
      "工作态度": 64.66666666666667,
      "绩效总分": 377.6666666666667
    },
    "4": {
      "工作质量": 98.0,
      "工作效率": 64.0,
      "团队合作": 84.0,
      "创新能力": 84.0,
      "工作态度": 98.0,
      "绩效总分": 428.0
    },
    "5": {
      "工作质量": 83.16666666666667,
      "工作效率": 90.16666666666667,
      "团队合作": 71.16666666666667,
      "创新能力": 79.66666666666667,
      "工作态度": 65.5,
      "绩效总分": 389.6666666666667
    },
    "6": {
      "工作质量": 91.33333333333333,
      "工作效率": 96.66666666666667,
      "团队合作": 77.0,
      "创新能力": 90.66666666666667,
      "工作态度": 69.66666666666667,
      "绩效总分": 425.3333333333333
    },
    "7": {
      "工作质量": 77.5,
      "工作效率": 67.0,
      "团队合作": 65.5,
      "创新能力": 89.0,
      "工作态度": 65.5,
      "绩效总分": 364.5
    },
    "8": {
      "工作质量": 77.33333333333333,
      "工作效率": 81.66666666666667,
      "团队合作": 96.66666666666667,
      "创新能力": 85.66666666666667,
      "工作态度": 64.33333333333333,
      "绩效总分": 405.6666666666667
    },
    "9": {
      "工作质量": 95.0,
      "工作效率": 75.0,
      "团队合作": 97.0,
      "创新能力": 92.5,
      "工作态度": 78.5,
      "绩效总分": 438.0
    },
    "10": {
      "工作质量": 95.0,
      "工作效率": 76.2,
      "团队合作": 68.8,
      "创新能力": 66.4,
      "工作态度": 72.2,
      "绩效总分": 378.6
    }
  }
}