{
  "num_total": 100,
  "num_success": 88,
  "num_failed": 12,
  "failed_flags": [
    "flag-50",
    "flag-57",
    "flag-61",
    "flag-71",
    "flag-83",
    "flag-91",
    "flag-93",
    "flag-95",
    "flag-92",
    "flag-99",
    "flag-98",
    "flag-100"
  ],
  "mean_insights_score": 0.41729437229437244,
  "mean_summary_score": 0.41363636363636397,
  "mean_combined_score": 0.41619696969697,
  "insights_weight": 0.7,
  "summary_weight": 0.30000000000000004
}