{
  "num_total": 42,
  "num_success": 42,
  "num_failed": 0,
  "failed_flags": [],
  "mean_insights_score": 0.4716043083900226,
  "mean_summary_score": 0.5023809523809524,
  "mean_combined_score": 0.4808373015873015,
  "insights_weight": 0.7,
  "summary_weight": 0.30000000000000004
}