{
  "num_total": 100,
  "num_success": 82,
  "num_failed": 18,
  "failed_flags": [
    "flag-36",
    "flag-52",
    "flag-57",
    "flag-63",
    "flag-68",
    "flag-71",
    "flag-78",
    "flag-85",
    "flag-83",
    "flag-87",
    "flag-90",
    "flag-89",
    "flag-92",
    "flag-91",
    "flag-93",
    "flag-95",
    "flag-96",
    "flag-99"
  ],
  "mean_insights_score": 0.42444831591173054,
  "mean_summary_score": 0.40365853658536605,
  "mean_combined_score": 0.41821138211382125,
  "insights_weight": 0.7,
  "summary_weight": 0.30000000000000004
}